{
    "map": {
        "type": "indoor",
        "map_width": 800,
        "map_height": 800,
        "map_file": "mocap_grid.png",
        "xlim": [
            -4,
            4
        ],
        "ylim": [
            -2.5,
            2.5
        ]
    },
    "nodes": {
        "node1": {
            "name": "node1",
            "id": 1,
            "location": {
                "X": 3.38899451,
                "Y": 1.03267803,
                "Z": 0.51966424
            },
            "zed": {
                "fx": 1054.3521728515625,
                "fy": 1054.3521728515625,
                "cx": 949.4652099609375,
                "cy": 535.0685424804688,
                "disto": [
                    0.0,
                    0.0,
                    0.0,
                    0.0,
                    0.0
                ],
                "width": 1920,
                "height": 1080,
                "pitch": -0.04251255538715268,
                "yaw": 3.118361099515273,
                "roll": -0.022501133782561297,
                "pixel_size_mm": 0.002,
                "pixel_size_m": 2e-06,
                "fov_h_rad": 1.4660765716752369,
                "fov_v_rad": 0.9250245035569946,
                "location_offset_X": 0,
                "location_offset_Y": 0,
                "location_offset_Z": 0
            }
        },
        "node2": {
            "name": "node2",
            "id": 2,
            "location": {
                "X": 1.97668244,
                "Y": -0.97729765,
                "Z": 0.76321609
            },
            "zed": {
                "fx": 1054.3521728515625,
                "fy": 1054.3521728515625,
                "cx": 949.4652099609375,
                "cy": 535.0685424804688,
                "disto": [
                    0.0,
                    0.0,
                    0.0,
                    0.0,
                    0.0
                ],
                "width": 1920,
                "height": 1080,
                "pitch": 0.08638384959698295,
                "yaw": 2.394917586707567,
                "roll": 0.010434450933048098,
                "pixel_size_mm": 0.002,
                "pixel_size_m": 2e-06,
                "fov_h_rad": 1.4660765716752369,
                "fov_v_rad": 0.9250245035569946,
                "location_offset_X": 0,
                "location_offset_Y": 0,
                "location_offset_Z": 0
            }
        },
        "node3": {
            "name": "node3",
            "id": 3,
            "location": {
                "X": -1.48682798,
                "Y": -1.22139644,
                "Z": 0.75622159
            },
            "zed": {
                "fx": 1054.3521728515625,
                "fy": 1054.3521728515625,
                "cx": 949.4652099609375,
                "cy": 535.0685424804688,
                "disto": [
                    0.0,
                    0.0,
                    0.0,
                    0.0,
                    0.0
                ],
                "width": 1920,
                "height": 1080,
                "pitch": 0.22664374427500322,
                "yaw": 0.68764174839447,
                "roll": -0.1875991581115633,
                "pixel_size_mm": 0.002,
                "pixel_size_m": 2e-06,
                "fov_h_rad": 1.4660765716752369,
                "fov_v_rad": 0.9250245035569946,
                "location_offset_X": 0,
                "location_offset_Y": 0,
                "location_offset_Z": 0
            }
        },
        "node4": {
            "name": "node4",
            "id": 4,
            "location": {
                "X": -0.33421188999999996,
                "Y": 1.6749676,
                "Z": 0.96148882
            },
            "zed": {
                "fx": 1054.3521728515625,
                "fy": 1054.3521728515625,
                "cx": 949.4652099609375,
                "cy": 535.0685424804688,
                "disto": [
                    0.0,
                    0.0,
                    0.0,
                    0.0,
                    0.0
                ],
                "width": 1920,
                "height": 1080,
                "pitch": 0.015999782318882418,
                "yaw": -1.51458031878571,
                "roll": 0.407708564200025,
                "pixel_size_mm": 0.002,
                "pixel_size_m": 2e-06,
                "fov_h_rad": 1.4660765716752369,
                "fov_v_rad": 0.9250245035569946,
                "location_offset_X": 0,
                "location_offset_Y": 0,
                "location_offset_Z": 0
            }
        }
    }
}